id,市区町村コード,施設名,住所,緯度,経度
1,13101,東京駅,東京都千代田区丸の内1-9-1,35.681236,139.767125
2,13101,皇居東御苑,東京都千代田区千代田1-1,35.685175,139.754798
3,13102,銀座駅,東京都中央区銀座4-1-2,35.671989,139.763965
4,13103,東京タワー,東京都港区芝公園4-2-8,35.658581,139.745433
5,13104,新宿駅,東京都新宿区新宿3-38-1,35.690921,139.700258